{
  "version": 1,
  "author": "Vitoria Oliveira",
  "editor": "wokwi",
  "parts": [
    { "type": "wokwi-esp32-devkit-v1", "id": "esp", "top": -67.22, "left": -44.34, "attrs": {} },
    {
      "type": "wokwi-buzzer",
      "id": "bz1",
      "top": -96.06,
      "left": 114.68,
      "attrs": { "volume": "0.1" }
    },
    {
      "type": "wokwi-led",
      "id": "led1",
      "top": -76.68,
      "left": -155.25,
      "attrs": { "color": "red" }
    },
    {
      "type": "wokwi-led",
      "id": "led2",
      "top": 35.18,
      "left": -123.05,
      "attrs": { "color": "white" }
    },
    {
      "type": "wokwi-led",
      "id": "led3",
      "top": 3.27,
      "left": -138.07,
      "attrs": { "color": "limegreen" }
    },
    {
      "type": "wokwi-led",
      "id": "led4",
      "top": -35.42,
      "left": -145.08,
      "attrs": { "color": "blue" }
    },
    {
      "type": "wokwi-photoresistor-sensor",
      "id": "ldr1",
      "top": 170.53,
      "left": -147.61,
      "attrs": {}
    },
    {
      "type": "wokwi-pushbutton",
      "id": "btn1",
      "top": -25.86,
      "left": 228.53,
      "attrs": { "color": "green" }
    },
    {
      "type": "wokwi-pushbutton",
      "id": "btn2",
      "top": 43.78,
      "left": 229.57,
      "attrs": { "color": "green" }
    }
  ],
  "connections": [
    [ "esp:TX0", "$serialMonitor:RX", "", [] ],
    [ "esp:RX0", "$serialMonitor:TX", "", [] ],
    [ "led1:C", "esp:GND.2", "black", [ "v0" ] ],
    [ "led4:C", "esp:GND.2", "black", [ "v0" ] ],
    [ "led3:C", "esp:GND.2", "black", [ "v0" ] ],
    [ "led2:C", "esp:GND.2", "black", [ "v0" ] ],
    [ "ldr1:AO", "esp:D2", "green", [ "h58.32", "v-152.85" ] ],
    [ "ldr1:GND", "esp:GND.1", "black", [ "h48.86", "v-114.75" ] ],
    [ "ldr1:VCC", "esp:3V3", "red", [ "h41.62", "v-95.25" ] ],
    [ "led4:A", "esp:D33", "blue", [ "v-0.05", "h63.05", "v7.95" ] ],
    [ "led3:A", "esp:D25", "green", [ "h15.7", "v-21.19" ] ],
    [ "led2:A", "esp:D26", "white", [ "h10.65", "v-43.93", "h48.06" ] ],
    [ "bz1:1", "esp:GND.1", "black", [ "v0" ] ],
    [ "btn2:2.l", "esp:GND.1", "black", [ "v5.08", "h-172.61" ] ],
    [ "btn1:2.l", "esp:GND.1", "black", [ "h-11.07", "v74.74", "h-101.02", "v0.9" ] ],
    [ "btn1:1.l", "esp:D18", "green", [ "v7.93", "h-151.67", "v19.41" ] ],
    [ "btn2:1.l", "esp:D19", "green", [ "v-35.19", "h-136.42", "v-16.61" ] ],
    [ "led1:A", "esp:D32", "red", [ "h21.42", "v22.07", "h69.49" ] ],
    [ "bz1:2", "esp:D4", "white", [ "v0" ] ]
  ]
}